{
  "Trier": [
    49.7596208,
    6.6441878
  ],
  "Würzburg": [
    49.7780356,
    9.943476907125579
  ],
  "Tübingen": [
    48.5203263,
    9.053596
  ],
  "Speyer": [
    49.3165553,
    8.433615
  ],
  "Nürnberg": [
    49.453872,
    11.077298
  ],
  "Lörrach": [
    47.6120896,
    7.6607218
  ],
  "Kirchseeon": [
    48.0710315,
    11.8878756
  ],
  "Hennigsdorf": [
    52.6375777,
    13.2057511
  ],
  "Freiburg": [
    47.9960901,
    7.8494005
  ],
  "Calw": [
    48.7142691,
    8.7397624
  ],
  "Brunnen (CH)": [
    46.9940439,
    8.6054085
  ],
  "Braunschweig": [
    52.2646577,
    10.5236066
  ],
  "Bonn": [
    50.7352621,
    7.1024635
  ],
  "Böblingen": [
    48.684969,
    9.0113444
  ],
  "Berlin-Hellersdorf": [
    52.4941431,
    13.7532688
  ],
  "Bergisch Gladbach": [
    50.9929303,
    7.1277379
  ],
  "Bad Driburg": [
    51.7366427,
    9.0175012
  ],
  "Stendal": [
    52.6050782,
    11.8594279
  ],
  "Schömberg": [
    48.211058,
    8.7604633
  ],
  "Sande, Varel, Landkreis Friesland": [
    53.412455699999995,
    8.10969205
  ],
  "Meiningen": [
    50.56761,
    10.4153029
  ],
  "Marburg": [
    50.8090106,
    8.7704695
  ],
  "Greifswald": [
    54.095791,
    13.3815238
  ],
  "Dortmund": [
    51.5142273,
    7.4652789
  ],
  "Chemnitz": [
    50.8323531,
    12.918914
  ],
  "Bad Langensalza": [
    51.1085823,
    10.6454374
  ],
  "Bad Herrenalb": [
    48.7990507,
    8.4382557
  ],
  "Bad Bergzabern": [
    49.1028075,
    7.9991268
  ],
  "Genève (CH)": [
    46.2017559,
    6.1466014
  ],
  "Potsdam": [
    52.4009309,
    13.0591397
  ],
  "Bedburg-Hau": [
    51.7624802,
    6.193293566076166
  ],
  "Cottbus": [
    51.7567447,
    14.3357307
  ],
  "Aachen": [
    50.776351,
    6.083862
  ],
  "Innsbruck (A)": [
    47.2637372,
    11.4002914
  ],
  "Erfurt": [
    50.9777974,
    11.0287364
  ],
  "Wiesloch": [
    49.2942599,
    8.698707
  ],
  "Schönau am Königssee": [
    47.6054955,
    12.9846526
  ],
  "Mönchengladbach": [
    51.1947131,
    6.4353792
  ],
  "Mannheim": [
    49.4892913,
    8.4673098
  ],
  "Magdeburg": [
    52.1315889,
    11.6399609
  ],
  "Korbach": [
    51.2559045,
    8.8426963
  ],
  "Hannover": [
    52.3744779,
    9.7385532
  ],
  "Halle": [
    51.4825041,
    11.9705452
  ],
  "Greiz": [
    50.7783814,
    12.0763533
  ],
  "Frankfurt M.": [
    50.1066539,
    8.6625808
  ],
  "Flensburg": [
    54.7833021,
    9.4333264
  ],
  "Eisenach": [
    50.9747134,
    10.3193565
  ],
  "Eckernförde": [
    54.4716456,
    9.8374947
  ],
  "Düsseldorf": [
    51.2254018,
    6.7763137
  ],
  "Berlin": [
    52.510885,
    13.3989367
  ],
  "Bad Salzungen": [
    50.812318,
    10.2320784
  ],
  "Bad Arolsen": [
    51.3649894,
    9.0376388
  ],
  "Vilshofen": [
    49.2978755,
    11.9529711
  ],
  "Rosenheim": [
    47.8539273,
    12.127262
  ],
  "Prien am Chiemsee, Rosenheim": [
    47.8541669,
    12.3455493
  ],
  "Olsberg": [
    51.355148,
    8.4893388
  ],
  "Neuss": [
    51.1981778,
    6.6916476
  ],
  "Krefeld": [
    51.3331205,
    6.5623343
  ],
  "Kassel": [
    51.3157833,
    9.4978479
  ],
  "Hamburg": [
    53.550341,
    10.000654
  ],
  "Göttingen": [
    51.5328328,
    9.9351811
  ],
  "Essen": [
    51.4582235,
    7.0158171
  ],
  "Bern (CH)": [
    46.9484742,
    7.4521749
  ],
  "Wiesbaden": [
    50.0820384,
    8.2416556
  ],
  "Lüneburg": [
    53.248706,
    10.407855
  ],
  "Köln": [
    50.938361,
    6.959974
  ],
  "Kiel": [
    54.3227085,
    10.135555
  ],
  "Jena": [
    50.9281717,
    11.5879359
  ],
  "Heidelberg": [
    49.4093582,
    8.694724
  ],
  "Zwiefalten": [
    48.2331643,
    9.4614966
  ],
  "Oldenburg": [
    53.1389753,
    8.2146017
  ],
  "Murnau am Staffelsee": [
    47.6778816,
    11.2011903
  ],
  "Ingolstadt": [
    48.7630165,
    11.4250395
  ],
  "Campus Heilbronn": [
    49.275284299999996,
    9.711622352922728
  ],
  "Duisburg": [
    51.434999,
    6.759562
  ],
  "Adorf/Vogtland": [
    50.3206834,
    12.2535919
  ],
  "Schriesheim": [
    49.4751705,
    8.6611149
  ],
  "Saarbrücken": [
    49.234362,
    6.996379
  ],
  "Regenstauf": [
    49.1239753,
    12.1278232
  ],
  "Mühlhausen": [
    51.2094255,
    10.4589044
  ],
  "Kölpinsee": [
    53.501237149999994,
    12.57249373960242
  ],
  "Hohenselchow-Groß Pinnow": [
    53.19054295,
    14.287268750850286
  ],
  "Herford": [
    52.1152245,
    8.6711118
  ],
  "Hanau": [
    50.132881,
    8.9169797
  ],
  "Gera": [
    50.8765537,
    12.0832666
  ],
  "Frankfurt (Oder)": [
    52.3412273,
    14.549452
  ],
  "Coburg": [
    50.2582226,
    10.964561
  ],
  "Bohmte": [
    52.3666812,
    8.3135426
  ],
  "Bochum": [
    51.4818111,
    7.2196635
  ],
  "Berlin-Lichtenberg": [
    52.5097832,
    13.4961404
  ],
  "Bad Wörishofen": [
    48.0059852,
    10.5921263
  ],
  "Bad Kissingen": [
    50.1985698,
    10.0746833
  ],
  "Altötting": [
    48.2268085,
    12.6757914
  ],
  "Ahorn": [
    49.4878031,
    9.534577
  ],
  "Wildeck-Richelsdorf": [
    50.9753362,
    10.0099373
  ],
  "Willich": [
    51.2641433,
    6.5446958
  ],
  "Zürich (CH)": [
    47.3744489,
    8.5410422
  ],
  "Römhild": [
    50.3981366,
    10.5393286
  ],
  "Naumburg": [
    51.1525648,
    11.8099186
  ],
  "Münster": [
    51.9625101,
    7.6251879
  ],
  "Haina (Kloster)": [
    51.040421,
    8.990769
  ],
  "Eschwege": [
    51.1733518,
    10.0680632
  ],
  "Erlangen": [
    49.589157099999994,
    10.98120719922546
  ],
  "Erkner": [
    52.4259804,
    13.7542811
  ],
  "Erding": [
    48.3064441,
    11.9076579
  ],
  "Eppingen-Kleingartach": [
    49.0926695,
    8.965966828216576
  ],
  "Eltville am Rhein": [
    50.0275441,
    8.1189741
  ],
  "Dresden": [
    51.0493286,
    13.7381437
  ],
  "Calw-Hirsau": [
    48.734346,
    8.7352364
  ],
  "Brandenburg an der Havel": [
    52.4108261,
    12.5497933
  ],
  "Berchtesgaden": [
    47.6330221,
    13.0020051
  ],
  "Basel (CH)": [
    47.5581077,
    7.5878261
  ],
  "Bad Wildungen": [
    51.1029078,
    9.0940685
  ],
  "Bad Hersfeld": [
    50.8681341,
    9.7068481
  ],
  "Alsfeld": [
    50.7523545,
    9.268355
  ],
  "Weinheim": [
    49.5462349,
    8.6717458
  ],
  "Wasserburg am Inn": [
    48.0615171,
    12.220026
  ],
  "Riedstadt": [
    49.8425212,
    8.4829447
  ],
  "Regensburg": [
    49.0195333,
    12.0974869
  ],
  "München": [
    48.1371079,
    11.5753822
  ],
  "Leipzig": [
    51.3406321,
    12.3747329
  ],
  "Dinslaken": [
    51.5623618,
    6.7345106
  ],
  "Celle": [
    52.624056,
    10.081052
  ],
  "Berlin-Kladow": [
    52.4602925,
    13.1400517
  ],
  "Schweinfurt": [
    50.051855200000006,
    10.222092114223383
  ],
  "Passau": [
    48.5748229,
    13.4609744
  ],
  "Oranienburg": [
    52.7529379,
    13.2457591
  ],
  "Lübeck": [
    53.866444,
    10.684738
  ],
  "Konstanz": [
    47.659216,
    9.1750718
  ],
  "Hildesheim": [
    52.1527188,
    9.9518083
  ],
  "Wismar": [
    53.8909832,
    11.4647932
  ],
  "Unterschleißheim": [
    48.2730686,
    11.5702716
  ],
  "Preetz": [
    54.2359233,
    10.2818352
  ],
  "Osnabrück": [
    52.2719595,
    8.047635
  ],
  "Neuwied": [
    50.4302393,
    7.466302
  ],
  "Königs Wusterhausen": [
    52.2994511,
    13.6244389
  ],
  "Karlsruhe": [
    49.0068705,
    8.4034195
  ],
  "Grünwald": [
    48.0486558,
    11.5300727
  ],
  "Bremen": [
    53.0758196,
    8.8071646
  ],
  "Biberach": [
    48.0984413,
    9.7899938
  ],
  "Bad Dürkheim": [
    49.4632944,
    8.1705063
  ],
  "Bad Doberan": [
    54.105858,
    11.9026057
  ],
  "Gießen": [
    50.5862066,
    8.6742306
  ],
  "Tönisvorst": [
    51.3167,
    6.45
  ],
  "Rheinbach": [
    50.6256808,
    6.9491436
  ],
  "Lindau": [
    47.550753,
    9.6926624
  ],
  "Bad Pyrmont": [
    51.9850503,
    9.2434635
  ],
  "Locarno (CH)": [
    46.1695739,
    8.7954859
  ],